INSERT INTO department (id, name)
VALUES (001, "Marketing"),
       (002, "Information Technology"),
       (003, "Human Resources"),
       (004, "Finance"),
       (005, "Operations"),
       
INSERT INTO role (id, title, salary, department_id)
VALUES (001, "Data Scientist", "130000", 002),
       (002, "Talent Acquisition", "130000", 003),
       (003, "Director", "120000", NULL),
       (004, "Software Engineering", "100000", 002),
       (005, "Financial Analyst", "95000", 004),
       (006, "Marketing Manager", "70000", 001),
       (007, "Production Supervisor", "80000", 005),
       (008, "Graphic Designer", "75000", 001),
       (009, "Database Administrator", "110000" 002),
       (010, "Accountant", "120000", 004),
       (011, "Quality Control Inspector", "70000", 005),
       (012, "Cybersecurity Analyst", "124000", 002),
       (013, "Financial Reporting Specialist", "100000", 004),
       (014, "Training & Development Specialist", "130000", 003),
       (015, "Content Marketer", "90000", 001),
       (016, "Compliance Specialist", "130000", 003),
       (017, "Logistics Coordinator", "80000", 005),
       (018, "Manager", "100000", NULL),
       (019, "Controller", "90000", 004),
       (020, "Treasurer", "85000", 004),
       (021, "Web Developer", "80000", 002),
       (022, "Digital Marketing Specialist", "75000", 001),
       (023, "Operations Manager", "90000", 005),
       (024, "Social Media Manager", "85000", 001);
       
INSERT INTO employee (id, first_name, last_name, role_id, manager_id)
VALUES (001, "Violet", "Nelson", ),
       (002, "Mason", "Harris", ),
       (003, "Mila", "Lee", ),
       (004, "Liam", "Young", ),
       (005, "Sophia", "Garcia", ),
       (006, "James", "Hernandez", ),
       (007, "Harper", "Taylor", ),
       (008, "Daniel", "Walker", ),
       (009, "Aiden", "Smith", ),
       (010, "Amelia", "Miller", ),
       (011, "Isabella", "Clark", ),
       (012, "Alexander", "Rodriguez", ),
       (013, "Elijah", "Sanchez", ),
       (014, "Sofia", "Adams", ),
       (015, "Ethan", "Baker", ),
       (016, "Joseph", "Brown", ),
       (017, "Matthew", "Allen", ),
       (018, "William", "Johnson", ),
       (019, "Luna", "Williams", ),
       (020, "Levi", "Moore", ),
       (021, "Gabriel", "Green", ),
       (022, "Mia", "Wright", ),
       (023, "Elizabeth", "Thomas", ),
       (024, "Ella", "Lewis", ),
       (025, "Abigail", "Davis", ),
       (026, "Eleanor", "Scott", ),
       (027, "Christopher", "Hall", ),
       (028, "Penelope", "Jones", ),
       (029, "Ashleigh", "Werrington", ),
       (030, "Stefan", "Stankovic", ),
    